{"cameraMode":{"drawMode":0,"name":"Shaded","section":"Shading Mode"},"sceneLighting":true,"audioPlay":false,"sceneViewState":{"m_AlwaysRefresh":false,"showFog":true,"showSkybox":true,"showFlares":true,"showImageEffects":true,"showParticleSystems":true,"showVisualEffectGraphs":true,"m_FxEnabled":true},"in2DMode":false,"pivot":{"x":9.772843360900879,"y":6.068783760070801,"z":-0.5228595733642578},"rotation":{"x":0.015309510752558709,"y":-0.0000035083962757198607,"z":0.000008856202839524485,"w":0.9998924732208252},"size":7.643467426300049,"orthographic":false}