{"cameraMode":{"drawMode":0,"name":"Shaded","section":"Shading Mode"},"sceneLighting":true,"audioPlay":false,"sceneViewState":{"m_AlwaysRefresh":false,"showFog":true,"showSkybox":true,"showFlares":true,"showImageEffects":true,"showParticleSystems":true,"showVisualEffectGraphs":true,"m_FxEnabled":true},"in2DMode":false,"pivot":{"x":2.1282296180725099,"y":0.6201676726341248,"z":2.549828290939331},"rotation":{"x":0.04502330720424652,"y":0.47835618257522585,"z":-0.024566693231463434,"w":0.8766741752624512},"size":3.6788878440856935,"orthographic":false}