{"cameraMode":{"drawMode":0,"name":"Shaded","section":"Shading Mode"},"sceneLighting":true,"audioPlay":false,"sceneViewState":{"m_AlwaysRefresh":false,"showFog":true,"showSkybox":true,"showFlares":true,"showImageEffects":true,"showParticleSystems":true,"showVisualEffectGraphs":true,"m_FxEnabled":true},"in2DMode":false,"pivot":{"x":-11.755436897277832,"y":0.5164401531219482,"z":12.851358413696289},"rotation":{"x":0.0871984139084816,"y":-0.005669390317052603,"z":0.0004900695639662445,"w":0.9961814880371094},"size":3.975940704345703,"orthographic":false}